{
    "popt": [
        -0.0005061237247600311,
        0.7878548358601144
    ],
    "pcov": [
        [
            1.3512336413512409e-08,
            -8.639245725488581e-06
        ],
        [
            -8.639245725488581e-06,
            0.005905380730661832
        ]
    ],
    "chi2_red": 0.7686035610867119,
    "model": "linear"
}