{
    "popt": [
        -0.0005061205556479254,
        0.7878516169692682
    ],
    "pcov": [
        [
            1.3512254691985307e-08,
            -8.639161636140519e-06
        ],
        [
            -8.639161636140519e-06,
            0.005905306609968293
        ]
    ],
    "chi2_red": 0.7686281965957971,
    "model": "linear"
}