{
    "popt": [
        -0.0005056561643877886,
        0.7876187843685084
    ],
    "pcov": [
        [
            1.3550354770189443e-08,
            -8.658388436010822e-06
        ],
        [
            -8.658388436010822e-06,
            0.0059232546287158495
        ]
    ],
    "chi2_red": 0.7666013974400865,
    "model": "linear"
}