{
    "m": {
        "value": 0.7309012374707915,
        "uncertainty": 0.0009568790316049381
    },
    "b": {
        "value": 15.079936412589214,
        "uncertainty": 0.36296237178195817
    },
    "cov": [
        [
            9.156174811252041e-07,
            -0.00026591305688986673
        ],
        [
            -0.00026591305688986673,
            0.1317416833295844
        ]
    ]
}