{
    "m": {
        "value": 0.7308058211650275,
        "uncertainty": 0.000812865309603901
    },
    "b": {
        "value": 15.028762091507742,
        "uncertainty": 0.3269612684515247
    },
    "cov": [
        [
            6.607500115574457e-07,
            -0.00020589124884254413
        ],
        [
            -0.00020589124884254413,
            0.10690367106742998
        ]
    ]
}