{
    "m": {
        "value": 0.7309062274018905,
        "uncertainty": 0.0009568915698258787
    },
    "b": {
        "value": 15.078354903411656,
        "uncertainty": 0.36296423851839066
    },
    "cov": [
        [
            9.156414764038346e-07,
            -0.00026591826629362915
        ],
        [
            -0.00026591826629362915,
            0.13174303844323518
        ]
    ]
}